1001, File_MSD,      File_Sr.Analyst, 2016-01-01,101, 5000
1002, File_James,    File_Sr.Analyst, 2016-02-02,101, 6000
1003, File_Rocky,    File_Sr.Analyst, 2016-03-02,101, 7000
1004, File_Fool,     File_Sr.Analyst, 2017-04-04,102, 90000
1005, File_CSGrads , File_TeamLead,   2017-05-28,102, 0
1006, File_Mokka,    File_TeamLead,   2017-06-14,102, 120
1007, File_Tim,      File_TeamLead,   2018-07-13,103, 20000
1008, File_Dan,      File_TeamLead,   2018-08-13,104, 90000
1009, File_Eric,     File_TeamLead,   2018-09-15,104, 50000
1010, File_Julia,    File_Manager,    2015-10-14,104, 100000
1011, File_Karen,    File_Manager,    2015-11-04,104, 900000
1012, File_Cynthya,  File_Sr.Analyst, 2015-12-09,104, 12000