1001, Sam,      Sr.Analyst, 2016-01-01,101, 5000
1002, James,    Sr.Analyst, 2016-02-02,101, 6000
1003, Rocky,    Sr.Analyst, 2016-03-02,101, 7000
1004, John,     Sr.Analyst, 2017-04-04,102, 90000
1005, Tina , TeamLead,   2017-05-28,102, 0
1006, Rio,    TeamLead,   2017-06-14,102, 120
1007, Tim,      TeamLead,   2018-07-13,103, 20000
1008, Dan,      TeamLead,   2018-08-13,104, 90000
1009, Eric,     TeamLead,   2018-09-15,104, 50000
1010, Julia,    Manager,    2015-10-14,104, 100000
1011, Karen,    Manager,    2015-11-04,104, 900000
1012, Cynthya,  Sr.Analyst, 2015-12-09,104, 12000