1001, FILE_MSD,      FILE_Sr.Analyst, 2016-01-01,101, 5000
1002, FILE_James,    FILE_Sr.Analyst, 2016-02-02,101, 6000
1003, FILE_Rocky,    FILE_Sr.Analyst, 2016-03-02,101, 7000
1004, FILE_Fool,     FILE_Sr.Analyst, 2017-04-04,102, 90000
1005, FILE_CSGrads , FILE_TeamLead,   2017-05-28,102, 0
1006, FILE_Mokka,    FILE_TeamLead,   2017-06-14,102, 120
1007, FILE_Tim,      FILE_TeamLead,   2018-07-13,103, 20000
1008, FILE_Dan,      FILE_TeamLead,   2018-08-13,104, 90000
1009, FILE_Eric,     FILE_TeamLead,   2018-09-15,104, 50000
1010, FILE_Julia,    FILE_Manager,    2015-10-14,104, 100000
1011, FILE_Karen,    FILE_Manager,    2015-11-04,104, 900000
1012, FILE_Cynthya,  FILE_Sr.Analyst, 2015-12-09,104, 12000